,name,station_id,station_location
0,M25 COBHAM MOTORWAY SERVICE AREA,25918,"M25 J9-10, KT11 3DB"
1,ESSO LEATHERHEAD ROAD (HYLANDS GARAGE),9635,"LEATHERHEAD ROAD, KT23 4RQ"
2,SAINSBURYS COBHAM,880,"PORTSMOUTH ROAD, KT11 1JF"
3,SHELL PORTSMOUTH ROAD (SHELL FAIRMILE),883,"PORTSMOUTH ROAD, KT11 1HU"
4,TESCO LEATHERHEAD,186,"OXSHOTT ROAD, KT22 0EF"
5,SHELL EAST HORSLEY (SHELL HORSLEY),7027,"GUILDFORD ROAD, KT24 6TA"
6,ESSO KINGSTON ROAD (RSS KINGSCROFT),185,"KINGSTON ROAD, KT22 7SP"
7,ESSO GIVONS GROVE (RSS LEATHERHEAD),188,"GIVONS GROVE, KT22 8LY"
8,BP A3 RIPLEY BYPASS (WISLEY SOUTH SF CONNECT),5174,"A3 RIPLEY BYPASS, GU23 6PU"
9,BP A3 RIPLEY BYPASS (WISLEY NORTH SF CONNECT),5173,"A3 RIPLEY BYPASS, GU23 6PT"
10,SHELL BROOKLANDS ROAD (SHELL ST GEORGES),1314,"BROOKLANDS ROAD, KT13 0RP"
11,SHELL ASHTEAD (SHELL ASHTEAD),1395,"THE STREET, KT21 2AD"
12,BP CHESSINGTON (RUSHETT SF CONNECT),1394,"LEATHERHEAD ROAD, KT9 2NH"
13,TESCO BROOKLANDS EXTRA,1312,"BARNES WALLACE DRIVE, KT13 0XF"
14,TEXACO ESHER ROAD (MOLESIDE SERVICE STATION),1317,"ESHER ROAD, KT12 4JZ"
15,SHELL PORTSMOUTH ROAD (SHELL WAITROSE BURNT COMMON),3895,"PORTSMOUTH ROAD, GU23 7JY"
16,TEXACO HERSHAM ROAD (WALTON HOUSE SERVICE STATION),183,"HERSHAM ROAD, KT12 1RZ"
17,SHELL OATLANDS DRIVE (SHELL WEYBRIDGE),1315,"OATLANDS DRIVE, KT13 9DJ"
18,TEXACO LANGLEY VALE ROAD (PARK EPSOM DOWNS SERVICE STATION),17578,"LANGLEY VALE ROAD, KT18 6AP"
19,SHELL ESHER (SHELL HINCHLEY WOOD),1398,"KINGSTON BYPASS ROAD, KT10 9TL"
20,BP DORKING ROAD (WOODCOTE SF CONNECT),1397,"DORKING ROAD, KT18 7JW"
21,ASDA WOKING SHEERWATER,26275,"FORSYTH ROAD, GU21 5SB"
22,TEXACO WOKING (MAYBURY HILL SERVICE STATION),7669,"MAYBURY HILL, GU22 8AA"
23,SHELL HIGH STREET (SHELL OLD WOKING),6978,"HIGH STREET, GU22 9LN"
24,JET CHESSINGTON (CHESSINGTON SERVICE STATION),1390,"HOOK ROAD, KT9 1PL"
25,ESSO SHEPPERTON (MFG SHEPPERTON),179,"WALTON BRIDGE ROAD, TW17 8NE"
26,TEXACO EWELL (PARK WEST EWELL SERVICE STATION),1400,"RUXLEY LANE, KT19 9EY"
27,SHELL HOOK ROAD (SHELL ACE OF SPADES),1354,"HOOK ROAD, KT6 5AT"
28,BP EPSOM ROAD (MERROW SF CONNECT),6228,"EPSOM ROAD, GU1 2RB"
29,SAINSBURYS KILN LANE,1869,"KILN LANE, KT17 1EQ"
30,BP LONDON ROAD (MFG PANTILES),862,"LONDON ROAD, GU4 7HR"
31,BP SHEPPERTON (SHEPPERTON SF CONNECT),1209,"HIGH STREET, TW17 9AU"
32,SAINSBURYS BURPHAM,18219,"CLAY LANE, GU4 7JU"
33,SHELL PORTSMOUTH ROAD (MFG LONG DITTON),190,"PORTSMOUTH ROAD, KT7 0XF"
34,ESSO COBHAM (MFG BEECH),881,"STOKE ROAD, KT11 3AS"
35,BP GUILDFORD ROAD (MFG SHIRLEY),9634,"GUILDFORD ROAD, KT23 4HB"
36,ESSO HIGH STREET (MFG OXSHOTT),1321,"HIGH STREET, KT22 0JR"
37,BP KINGSTON ROAD (LEATHERHEAD SF CONNECT),184,"KINGSTON ROAD, KT22 7BL"
38,JET WEST BYFLEET (MFG OYSTER LANE),1311,"OYSTER LANE, KT14 7JH"
39,BP HERSHAM ROAD (HKS HALFWAY HOUSE),1319,"HERSHAM ROAD, KT12 5NR"
40,ESSO WEST BYFLEET (WEST BYFLEET EXPRESS),2577,"OLD WOKING ROAD, KT14 6JA"
41,ESSO LONDON ROAD (RSS PIPPBROOK),3049,"LONDON ROAD, RH4 1JA"
42,BP DORKING (DORKING SERVICE CENTRE),5527,"REIGATE ROAD, RH4 1SG"
43,ESSO STATION ROAD (MFG DOWNSIDE),9606,"STATION ROAD, GU5 9LQ"
44,BP MOLESEY ROAD (MOLESEY SERVICE STATION),1325,"MOLESEY ROAD, KT12 3PW"
45,JET WOKING (COLLEGE SERVICE STATION),5866,"COLLEGE ROAD, GU22 8BT"
46,TESCO ADDLESTONE EXTRA,5248,"STATION ROAD, KT15 2AS"
47,SHELL ADDLESTONE (SHELL ADDLESTONE),1306,"CHERTSEY ROAD, KT15 2ED"
48,TEXACO TATTENHAM CRESCENT (TATTENHAM CORNER SERVICE STATION),1818,"TATTENHAM CRESCENT, KT18 5QJ"
49,TEXACO SHELVERS HILL (MFG TADWORTH),1819,"SHELVERS HILL, KT20 5PU"
50,ASDA BURGH HEATH AUTOMAT,26230,"REIGATE ROAD, KT20 5NZ"
51,SHELL BANSTEAD (SHELL WAITROSE BURGH HEATH),1825,"BRIGHTON ROAD, KT20 6AA"
52,ESSO EPSOM (EWELL EXPRESS),1402,"REIGATE ROAD, KT17 1PG"
53,SHELL BUCKLAND (SHELL BUCKLAND),4431,"REIGATE ROAD, RH3 7ET"
54,TEXACO BRIGHTON ROAD (PARK MOGADOR SERVICE STATION),1821,"BRIGHTON ROAD, KT20 6SU"
55,BP TADWORTH (OAK TREE SF CONNECT),1824,"BRIGHTON ROAD, KT20 6SY"
56,SHELL EPSOM (SHELL ETWELLE),1388,"EWELL BYPASS, KT17 2PU"
57,BP LONDON ROAD (EWELL SF CONNECT),1387,"LONDON ROAD, KT17 2PT"
58,SHELL TADWORTH (SHELL OXFORD HOUSE),1823,"BRIGHTON ROAD, KT20 6UP"
59,SHELL EWELL (KINGSTON ROAD SERVICE STATION),1389,"KINGSTON ROAD, KT19 0SH"
60,ESSO REIGATE (RSS REIGATE MANOR),19,"REIGATE HILL, RH2 9PD"
61,ESSO CHEAM (CHEAM EXPRESS),1386,"MALDEN ROAD, SM3 8HB"
62,BP ST DUNSTANS HILL (ST DUNSTANS SERVICE STATION),1385,"ST DUNSTANS HILL, SM1 2LW"
63,SAINSBURYS NORTH CHEAM,12511,"LONDON ROAD, SM3 9AA"
64,ESSO SUTTON (NORTH CHEAM EXPRESS),1379,"LONDON ROAD, SM3 9BY"
65,TESCO SUTTON CHEAM EXTRA,12514,"OLDFIELDS ROAD, SM1 2NB"
66,BP BANSTEAD (HIGHFIELD SF CONNECT),1827,"BRIGHTON ROAD, SM7 1AZ"
67,ESSO SURBITON (TOLWORTH EXPRESS),1355,"THE BROADWAY, KT6 7DQ"
68,SHELL SUTTON (SHELL SUTTON),1421,"CHEAM ROAD, SM1 2SS"
69,BP BRIGHTON ROAD (MFG SUTTON COURT SERVICE STATION),1419,"BRIGHTON ROAD, SM2 5BN"
70,BP COULSDON (STAR LANE SERVICE CENTRE),1830,"BRIGHTON LANE, CR5 3EE"
71,ESSO BRIGHTON ROAD (RSS HOOLEY),1831,"BRIGHTON ROAD, CR5 3EG"
72,ESSO CHIPSTEAD VALLEY ROAD (MFG COULSDON),1828,"CHIPSTEAD VALLEY ROAD, CR5 3BR"
73,ESSO HIGH STREET (MFG MERSTHAM),18,"HIGH STREET, RH1 3EA"
74,ESSO LONDON ROAD (MFG GATTON POINT),17,"LONDON ROAD, RH1 2JH"
75,SHELL COULSDON (SHELL OLD COULSDON),1833,"COULSDON ROAD, CR5 1EN"
76,TESCO PURLEY EXTRA,172,"PURLEY ROAD, CR8 2HA"
77,SHELL PURLEY (MFG FOXLEY),170,"GODSTONE ROAD, CR8 2DB"
78,ESSO CATERHAM (MFG TOWNEND),1832,"TOWNEND, CR3 5UG"
79,TEXACO CATERHAM (ELITE GARAGES CATERHAM),4982,"HIGH STREET, CR3 5UF"
80,BP WHYTELEAFE (GODSTONE ROAD SF CONNECT),1,"GODSTONE ROAD, CR3 0EG"
81,BP REIGATE (WOODHATCH SERVICE STATION),7979,"DOVER GREEN ROAD, RH2 8BS"
82,SHELL WHYTELEAFE (SHELL WAITROSE WHYTELEAFE),3,"GODSTONE ROAD, CR3 0BB"
83,ESSO PURLEY WAY (PURLEY WAY SERVICE STATION),1110,"PURLEY WAY, CR0 4RE"
84,BP CARSHALTON ROAD (CAMBRIDGE ROAD SF CONNECT),5579,"CARSHALTON ROAD, SM5 3QB"
85,BP REDHILL (HILLSIDE SF CONNECT),23,"BRIGHTON ROAD, RH1 6QS"
86,SHELL WALLINGTON (SHELL BUDGENS WALLINGTON),176,"MANOR ROAD, SM6 0DW"
87,ESSO PURLEY (MFG HAYLING DOWN),171,"BRIGHTON ROAD, CR8 2BA"
88,BP GREEN WRYTHE LANE (WRYTHE SF CONNECT),1414,"GREEN WRYTHE LANE, SM5 2DR"
89,SHELL CARSHALTON (SHELL ST HELIER),1413,"WRYTHE LANE, SM5 2RU"
90,UNBRANDED CATERHAM (GRIFFIN),4,"CROYDON ROAD, CR3 6PN"
91,ESSO WARLINGHAM (MFG WARLINGHAM),5,"LIMPSFIELD ROAD, CR6 9LA"
92,SHELL LIMPSFIELD ROAD (SHELL SANDERSTEAD),9,"LIMPSFIELD ROAD, CR2 9LE"
93,SHELL BRIGHTON ROAD (BRIGHTON ROAD SERVICE STATION),1116,"BRIGHTON ROAD, CR2 6AJ"
94,ESSO BRIGHTON ROAD (MFG WHITGIFT),1115,"BRIGHTON ROAD, CR2 6EE"
95,ESSO SELSDON PARK ROAD (RSS FORESTDALE),1119,"SELSDON PARK ROAD, CR2 8JT"
96,SHELL KENT GATE WAY (SHELL ADDINGTON),1121,"KENT GATE WAY, CR0 5AR"
97,ESSO PURLEY WAY (MFG WADDON COURT),1109,"PURLEY WAY, CR0 4NX"
98,ESSO OXTED (RSS OLD OXTED),11613,"HIGH STREET, RH8 9LN"
99,SHELL OXTED (SHELL OXTED),7188,"CHURCH LANE, RH8 9NB"
100,BP BEDDINGTON LANE (BEDDINGTON LANE SERVICE STATION),1114,"BEDDINGTON LANE, CR0 4TJ"
101,SAINSBURYS PURLEY WAY,1107,"PURLEY WAY, CR0 3JW"
102,ASDA WALLINGTON AUTOMAT,26017,"MARLOWE WAY, CR0 4XS"
103,TEXACO MAIN ROAD (CO-OP APERFIELD COURT),12366,"MAIN ROAD, TN16 3DX"
104,ESSO SHIRLEY ROAD (CROYDON EXPRESS),12513,"SHIRLEY ROAD, CR0 7ER"
105,SHELL EASTBOURNE ROAD (HKS SOUTH GODSTONE),7983,"EASTBOURNE ROAD, RH9 8EZ"
106,SHELL GODSTONE HILL (SHELL GODSTONE),4435,"GODSTONE HILL, RH9 8AJ"
107,BP SOUTH CROYDON (ADDINGTON SF CONNECT),1120,"SELSDON PARK ROAD, CR2 8JH"
108,SHELL PARKWAY (SHELL CROYDON),3669,"PARKWAY, CR0 0LA"
109,BP MITCHAM ROAD (MITCHAM ROAD SF CONNECT),1111,"MITCHAM ROAD, CR0 3RU"
110,ESSO LOWER ADDISCOMBE ROAD (ADDISCOMBE EXPRESS),1126,"LOWER ADDISCOMBE ROAD, CR0 6AD"
111,BP SHIRLEY ROAD (SHIRLEY SF CONNECT),1122,"SHIRLEY ROAD, CR0 8SS"
112,ESSO WICKHAM ROAD (WEST WICKHAM EXPRESS),1864,"WICKHAM ROAD, CR0 8DN"
113,M25 CLACKET LANE CONNECT MOTORWAY SERVICE AREA EASTBOUND,10619,"M25 J5-6, TN16 2ER"
114,SHELL LEAVES GREEN ROAD (TOLLGATE SERVICE STATION),1838,"LEAVES GREEN ROAD, BR2 6DQ"
115,BP LONDON ROAD (WESTERHAM SERVICE STATION),5657,"LONDON ROAD, TN16 2DJ"
116,SHELL CROYDON ROAD (RAVENSBOURNE SERVICE STATION),165,"CROYDON ROAD, BR2 8HU"
117,BP CROFTON ROAD (ROSETTA SF CONNECT),164,"CROFTON ROAD, BR6 8NL"
118,SHELL HIGH STREET (SHELL GREEN STREET),1089,"HIGH STREET, BR6 6BJ"
119,SHELL STATION APPROACH (PARK HAYES SERVICE STATION),1863,"STATION APPROACH, BR2 7EQ"
120,TEXACO FARNBOROUGH WAY (PARK FARNBOROUGH HILL SERVICE STATION),1087,"FARNBOROUGH WAY, BR6 7ET"
121,SHELL HASTINGS ROAD (SHELL BROMLEY),163,"HASTINGS ROAD, BR2 8NJ"
122,BP HASTINGS ROAD (TUDOR AUTOS),162,"HASTINGS ROAD, BR2 8NA"
123,ESSO SEVENOAKS ROAD (RSS CHIMES),1097,"SEVENOAKS ROAD, BR6 7SE"
124,TEXACO SEVENOAKS ROAD (PARK ORPINGTON SERVICE STATION),1091,"SEVENOAKS ROAD, BR6 9JW"
125,ESSO LINKS WAY (MFG EDEN PARK),168,"LINKS WAY, BR3 3DG"
126,ESSO BROMLEY (BROMLEY EXPRESS),2060,"WESTMORELAND ROAD, BR2 0UJ"
127,UNBRANDED BROMLEY (W J KING GARAGES BROMLEY),1084,"BROMLEY COMMON, BR2 9RW"
128,BP COURT ROAD (GODDINGTON SF CONNECT),1096,"COURT ROAD, BR6 9DA"
129,M25 CLACKET LANE CONNECT MOTORWAY SERVICE AREA WESTBOUND,10620,"M25 J5-6, TN16 2ER"
130,SHELL WEST WICKHAM (MFG WEST WICKHAM),169,"HIGH STREET, BR4 0LU"
131,UNBRANDED SEVENOAKS (KNOCKHOLT SERVICE STATION),1101,"MAIN ROAD, TN14 7JJ"
132,SHELL QUEENSWAY (SHELL WAITROSE PETTS WOOD),1095,"QUEENSWAY, BR5 1DH"
133,TESCO SEVENOAKS RIVERHEAD,17726,"AISHER WAY, TN13 2QS"
134,SHELL LONDON ROAD (SHELL WAITROSE TUBS HILL),4615,"LONDON ROAD, TN13 1DH"
135,SAINSBURYS SEVENOAKS,17552,"OTFORD ROAD, TN14 5EG"
136,SHELL SEAL ROAD (MFG SEVENOAKS),252,"SEAL ROAD, TN14 5AX"
137,TEXACO HIGH STREET (ORPINGTON POND SERVICE STATION),1092,"HIGH STREET, BR6 0JG"
138,ESSO EDENBRIDGE (MFG CHAMPION),3289,"STATION ROAD, TN8 6HL"
139,CO-OP SWANLEY,1070,"HIGH STREET, BR8 8AF"
140,TEXACO WEST KINGSDOWN (PARK TWENTY MILE SERVICE STATION),8108,"LONDON ROAD, TN15 6ET"
141,BP SWANLEY (SWANLEY SERVICE STATION),1067,"LONDON ROAD, BR8 7HA"
142,UNBRANDED SWANLEY (W J KING GARAGES SWANLEY),1066,"LONDON ROAD, BR8 7QD"
143,UNBRANDED DARTFORD (W J KING GARAGES FARNINGHAM ROAD),11821,"DARTFORD ROAD, DA4 0DX"
144,BP SWANLEY BYPASS (RSS SWANLEY),1073,"SWANLEY BYPASS, DA14 5JA"
145,TESCO SIDCUP,1064,"EDGINGTON WAY, DA14 5BN"
146,BP SEVENOAKS (MFG ST JOHNS HILL),253,"ST JOHNS HILL, TN13 3NY"
147,UNBRANDED EDENBRIDGE (FOUR ELMS FILLING STATION),7250,"FOUR ELMS ROAD, TN8 6NL"
148,ESSO SEVENOAKS WAY (ST PAULS CRAY EXPRESS),1093,"SEVENOAKS WAY, BR5 3AQ"
149,TEXACO CHIPPERFIELD ROAD (MFG ST PAULS CRAY),1094,"CHIPPERFIELD ROAD, BR5 2QR"
150,GULF EDENBRIDGE (MILL HILL GARAGE),4627,"MILL HILL, TN8 5DQ"
151,ESSO SEVENOAKS (MFG BRACKENHILL),3268,"MAIDSTONE ROAD, TN15 8HG"
152,SHELL LONDON ROAD (SHELL PILGRIMS WAY),7245,"LONDON ROAD, TN15 7RR"
153,UNBRANDED LONDON ROAD (STATE OIL HILDENBOROUGH SERVICE STATION),18185,"LONDON ROAD, TN11 9ND"
154,SHELL LONDON ROAD (PARK WROTHAM HEATH SERVICE STATION),12508,"LONDON ROAD, TN15 7RX"
155,JET WEST MALLING (MFG OFFHAM),4147,"LONDON ROAD, ME19 5AL"
156,BP TONBRIDGE ROAD (HILDEN SF CONNECT),5654,"TONBRIDGE ROAD, TN11 9BJ"
157,TEXACO WROTHAM ROAD (CULVERSTONE SERVICE STATION),7540,"WROTHAM ROAD, DA13 0RF"
158,SHELL SHIPBOURNE ROAD (MFG SHIPBOURNE ROAD),5653,"SHIPBOURNE ROAD, TN10 3ED"
159,BP HADLOW ROAD EAST (THREE ELMS SERVICE STATION),3266,"HADLOW ROAD EAST, TN11 0AB"
160,SHELL LONGFIELD (LONGFIELD FILLING STATION),17457,"STATION ROAD, DA3 7QD"
161,SAINSBURYS TONBRIDGE,9247,"ANGEL LANE, TN9 1SF"
162,SHELL QUARRY HILL (SHELL TONBRIDGE),4628,"QUARRY HILL, TN9 2SA"
163,BP EDGINGTON WAY (BYPASS SF CONNECT),1063,"EDGINGTON WAY, DA14 5AD"
164,MURCO BEXLEY (JOYDENS WOOD SERVICE STATION),1072,"SUMMERHOUSE DRIVE, DA5 2ES"
165,PACE TONBRIDGE (FORGE GARAGE),18037,"HIGH STREET, TN11 8BU"
166,BP WEST MALLING (PARKFOOT GARAGE),2734,"LONDON ROAD, ME19 5AE"
167,SHELL HAWLEY ROAD (SHELL HAWLEY),3705,"HAWLEY ROAD, DA1 1PU"
168,BP SUNBURY (KEMPTON PARK SF CONNECT),1331,"STAINES ROAD EAST, TW16 5AW"
169,SHELL EAST MOLESEY (MFG PARKHURST),1326,"HURST ROAD, KT8 1SE"
170,TESCO SUNBURY EXTRA,1215,"STAINES ROAD WEST, TW16 7BB"
171,TEXACO FELTHAM (PARK FELTHAM HILL SERVICE STATION),1236,"SNAKEY LANE, TW13 7ND"
172,ESSO EAST MOLESEY (MFG PALACE),1328,"HAMPTON COURT ROAD, KT8 9BW"
173,SHELL FELTHAM (SHELL SUNBURY),1237,"COUNTRY WAY, TW13 6QN"
174,BP EAST MOLESEY (HAMPTON COURT SF CONNECT),1327,"HAMPTON COURT WAY, KT8 9AE"
175,ESSO STAINES ROAD WEST (MFG HERDS GARAGE),1210,"STAINES ROAD WEST, TW15 1RZ"
176,ESSO HOUNSLOW ROAD (MFG JOLLY SAILOR),1426,"HOUNSLOW ROAD, TW13 6QA"
177,BP STAINES ROAD WEST (ASHFORD SF CONNECT),1211,"STAINES ROAD WEST, TW15 1RA"
178,SAINSBURYS ST CLARES,1427,"UXBRIDGE ROAD, TW12 1AW"
179,TESCO FELTHAM,17585,"HIGH STREET, TW13 4EX"
180,SHELL STAINES ROAD (SHELL HOSPITAL BRIDGE),1431,"STAINES ROAD, TW2 5JA"
181,GULF FELTHAM (BEDFONT LANE SERVICE STATION),12295,"BEDFONT LANE, TW14 9NJ"
182,ESSO TWICKENHAM (MFG STAINES ROAD),1432,"STAINES ROAD, TW2 5AW"
183,SHELL ASHFORD (SHELL ASHFORD MANOR),1223,"FORDBRIDGE ROAD, TW15 3RX"
184,BP CHERTSEY (CHERTSEY SERVICE STATION),1216,"BRIDGE ROAD, KT16 8LA"
185,ESSO STAINES ROAD (MFG BEDFONT),1227,"STAINES ROAD, TW14 8PA"
186,ESSO CLOCKHOUSE LANE (CLOCKHOUSE SERVICE STATION),1225,"CLOCKHOUSE LANE, TW14 8RD"
187,JET FELTHAM (BARBERBRIDGE SERVICE STATION),1230,"STAINES ROAD, TW14 0HW"
188,TESCO FELTHAM DUKES GREEN,17587,"DUKES GREEN AVENUE, TW14 0LT"
189,SHELL RICHMOND ROAD (SHELL KINGSTONIAN),197,"RICHMOND ROAD, KT2 5HD"
190,TESCO ASHFORD MIDDLESEX,12298,"TOWN LANE, TW19 7PZ"
191,BP KINGSTON-UPON-THAMES (HAM CROSS SERVICE STATION),1434,"RICHMOND ROAD, KT2 5QU"
192,ESSO STAINES ROAD (MFG HOUNSLOW),1240,"STAINES ROAD, TW4 5BD"
193,SAINSBURYS CHERTSEY,1218,"HERIOT ROAD, KT16 9AG"
194,SHELL RICHMOND ROAD (SHELL OAK LANE),1436,"RICHMOND ROAD, TW1 3AB"
195,BP FELTHAM (MFG HATTON CROSS),1226,"GREAT SOUTH WEST ROAD, TW14 0PR"
196,TESCO TWICKENHAM EXTRA,1895,"MOGDEN LANE, TW7 7JY"
197,SHELL LONDON ROAD (SHELL KINGSTON HILL),199,"LONDON ROAD, KT2 6PQ"
198,ESSO BEDFONT ROAD (MFG STANWELL),3331,"BEDFONT ROAD, TW19 7LU"
199,SHELL STAINES (SHELL STAINES),1207,"LONDON ROAD, TW18 4HN"
200,BP NEW MALDEN (MFG ROSE COTTAGE),1358,"KINGSTON ROAD, KT3 3NS"
201,ESSO ROBIN HOOD WAY (MFG ROBIN HOOD NORTH),1366,"ROBIN HOOD WAY, SW20 0AB"
202,ESSO NEW MALDEN (MFG KINGSTON),1362,"MALDEN WAY, KT3 6HF"
203,TESCO NEW MALDEN EXTRA,1365,"BEVERLEY WAY, KT3 4PJ"
204,SHELL WORPLE ROAD (SHELL PEPYS CORNER),1363,"WORPLE ROAD, SW20 8RE"
205,CO-OP ROEHAMPTON VALE,1374,"ROEHAMPTON VALE, SW15 3DX"
206,SHELL MORDEN (SHELL SOUTH MERTON),1382,"MARTIN WAY, SM4 4AW"
207,BP KINGSTON ROAD (WIMBLEDON CHASE SF CONNECT),205,"KINGSTON ROAD, SW20 8LR"
208,SHELL SHEEN ROAD (SHELL BLACKHORSE),7254,"SHEEN ROAD, TW9 1XD"
209,SHELL ROEHAMPTON LANE (SHELL WAITROSE ROEHAMPTON),1369,"ROEHAMPTON LANE, SW15 4LB"
210,TEXACO UPPER RICHMOND ROAD WEST (EAST SHEEN SERVICE STATION),8079,"UPPER RICHMOND ROAD WEST, SW14 7ED"
211,SHELL ISLEWORTH (MFG ISLEWORTH),1423,"TWICKENHAM ROAD, TW7 7ES"
212,SAINSBURYS RICHMOND,18398,"LOWER RICHMOND ROAD, TW9 4LT"
213,BP LOWER MORTLAKE ROAD (BEACON FILLING STATION),80,"LOWER MORTLAKE ROAD, TW9 2LL"
214,SHELL LOWER RICHMOND ROAD (SHELL RICHMOND),81,"LOWER RICHMOND ROAD, TW9 4LJ"
215,ESSO MERTON ROAD (WIMBLEDON EXPRESS),208,"MERTON ROAD, SW19 1EQ"
216,ESSO SHEEN LANE (MFG MORTLAKE),8080,"SHEEN LANE, SW14 8LW"
217,ESSO MITCHAM (MFG WANDLE),1412,"BISHOPSFORD ROAD, SM4 6AP"
218,SAINSBURYS MERTON,1870,"MERANTUN WAY, SW19 1DD"
219,SHELL WESTERN ROAD (SHELL WESTERN ROAD),1179,"WESTERN ROAD, SW19 2QD"
220,ESSO HIGH STREET (COLLIERS WOOD EXPRESS),1178,"HIGH STREET, SW19 2BN"
221,SHELL PLOUGH LANE (SHELL PLOUGH LANE),4578,"PLOUGH LANE, SW17 0BW"
222,ESSO GARRATT LANE (RSS GARRATT LANE),1184,"GARRATT LANE, SW17 0NP"
223,SHELL ROWAN ROAD (MFG ROWAN ROAD),7241,"ROWAN ROAD, SW16 5JF"
224,BP MITCHAM ROAD (RSS FERNSIDE),1112,"MITCHAM ROAD, CR0 3AB"
225,BP TRINITY ROAD (TRINITY SF CONNECT),1156,"TRINITY ROAD, SW17 7HW"
226,SHELL MERTON ROAD (HKS RIVERSDALE),1187,"MERTON ROAD, SW18 5JS"
227,ESSO BALHAM HIGH ROAD (BALHAM EXPRESS),12483,"BALHAM HIGH ROAD, SW17 7BQ"
228,UNBRANDED STREATHAM HIGH ROAD (STREATHAM COMMON SERVICE STATION),219,"STREATHAM HIGH ROAD, SW16 3BS"
229,TOTAL LONDON (TOTAL NORBURY),1867,"LONDON ROAD, SW16 4DH"
230,TESCO NORBURY EXPRESS,1102,"LONDON ROAD, CR7 7ND"
231,ESSO THORNTON HEATH (NEW PARK EXPRESS),1104,"LONDON ROAD, CR7 6JH"
232,SHELL WEST HILL (MFG PUTNEY),1373,"WEST HILL, SW15 2UE"
233,ESSO STERNHOLD AVENUE (MFG STREATHAM),1173,"STERNHOLD AVENUE, SW2 4PB"
234,SAINSBURYS BALHAM,1157,"NIGHTINGALE LANE, SW12 8SY"
235,SHELL BALHAM HILL (SHELL BALHAM),1152,"BALHAM HILL, SW12 9DP"
236,SAINSBURYS CRYSTAL PALACE,138,"WHITEHORSE LANE, SE25 6XB"
237,SHELL WHITEHORSE ROAD (SHELL GLOSTER),137,"WHITEHORSE ROAD, CR0 2LG"
238,BP SOUTH NORWOOD HILL (MFG SOUTH NORWOOD),140,"SOUTH NORWOOD HILL, SE25 6BS"
239,SHELL PORTLAND ROAD (SHELL SOUTH NORWOOD),142,"PORTLAND ROAD, SE25 4UX"
240,TEXACO KNIGHTS HILL (PARK KNIGHTS HILL SERVICE STATION),1169,"KNIGHTS HILL, SE27 0QP"
241,BP ANERLEY ROAD (CORNWALL LODGE SERVICE STATION),1171,"ANERLEY ROAD, SE20 8AP"
242,SHELL GIPSY HILL (SHELL GYPSY HILL),1170,"GIPSY HILL, SE19 1PL"
243,SHELL CRYSTAL PALACE PARADE (SHELL CRYSTAL PALACE),1079,"CRYSTAL PALACE PARADE, SE19 1UN"
244,JET CROYDON ROAD (FIVE STAR SERVICE STATION),1172,"CROYDON ROAD, SE20 7AE"
245,TESCO ELMERS END,1129,"CROYDON ROAD, BR3 4AA"
246,ESSO LEIGHAM COURT ROAD (MFG STREATHAM),224,"LEIGHAM COURT ROAD, SW16 2RW"
247,TEXACO NORWOOD ROAD (WEST NORWOOD SERVICE STATION),54,"NORWOOD ROAD, SE27 9AF"
248,SHELL BECKENHAM (SHELL BECKENHAM),148,"BECKENHAM ROAD, BR3 4RH"
249,BP KIRKDALE (PARK SYDENHAM MOTOR COMPANY),1080,"KIRKDALE, SE26 4QD"
250,BP BECKENHAM (PARK BECKENHAM SERVICE STATION),151,"CROYDON ROAD, BR3 3PR"
251,ESSO LONDON ROAD (FORESTHILL EXPRESS),51,"LONDON ROAD, SE23 3PE"
252,TEXACO CROXTED ROAD (CROXTED MOTORS),48,"CROXTED ROAD, SE24 9DG"
253,ESSO A204 (TULSE HILL EXPRESS),56,"A204, SW2 2QB"
254,SAINSBURYS SYDENHAM,9188,"BELL GREEN, SE26 4PU"
255,BP STANSTEAD ROAD (MFG FOREST HILL),1082,"STANSTEAD ROAD, SE23 1HP"
256,ESSO BROMLEY ROAD (MFG SHORTLANDS),156,"BROMLEY ROAD, BR3 6PG"
257,SHELL BROMLEY HILL (SHELL HILLBROW),157,"BROMLEY HILL, BR1 4JU"
258,BP WIDMORE ROAD (WIDMORE GREEN SF CONNECT),161,"WIDMORE ROAD, BR1 3AX"
259,BP BROMLEY ROAD (DOWNHAM SF CONNECT),1054,"BROMLEY ROAD, BR1 4PJ"
260,SHELL VERDANT LANE (MFG CATFORD),1857,"VERDANT LANE, SE6 1TP"
261,ESSO BARING ROAD (GROVE PARK EXPRESS),1055,"BARING ROAD, SE12 0DU"
262,ESSO BROWNHILL ROAD (RSS CATFORD),8022,"BROWNHILL ROAD, SE6 1AA"
263,BP MOTTINGHAM ROAD (MOTTINGHAM SF CONNECT),1035,"MOTTINGHAM ROAD, SE9 4QN"
264,SHELL SIDCUP ROAD (SHELL MOTTINGHAM),1037,"SIDCUP ROAD, SE9 3AF"
265,SHELL SIDCUP ROAD (SHELL SIDCUP),1039,"SIDCUP ROAD, SE9 3AL"
266,SHELL LEWISHAM HIGH STREET (MFG LEWISHAM),17980,"LEWISHAM HIGH STREET, SE13 6NZ"
267,ESSO SIDCUP ROAD (CLIFTON LEE EXPRESS),217,"SIDCUP ROAD, SE12 8BL"
268,TEXACO SIDCUP ROAD (LEE SERVICE STATION),216,"SIDCUP ROAD, SE12 8BL"
269,BP LEE HIGH ROAD (LEE SF CONNECT),213,"LEE HIGH ROAD, SE13 5PQ"
270,SHELL FOOTSCRAY ROAD (MFG FOOTSCRAY),1060,"FOOTSCRAY ROAD, SE9 2TD"
271,BP CHISLEHURST (PERRY STREET SF CONNECT),1038,"PERRY STREET, BR7 6HB"
272,ESSO ELTHAM HIGH STREET (ELTHAM HIGH STREET EXPRESS),1034,"ELTHAM HIGH STREET, SE9 1DH"
273,UNBRANDED SIDCUP (W J KING GARAGES SIDCUP),1059,"MAIN ROAD, DA14 6PA"
274,UNBRANDED BEXLEY (W J KING GARAGES BEXLEY),11857,"STEYNTON AVENUE, DA5 3HP"
275,SHELL SIDCUP (SHELL BLENDON),1020,"BLACKFEN ROAD, DA15 9NT"
276,BP BEXLEY ROAD (CROWNWOOD SF CONNECT),1025,"BEXLEY ROAD, SE9 2NL"
277,SAINSBURYS ELTHAM,1024,"FOOTSCRAY ROAD, SE9 2SA"
278,UNBRANDED WELLING (W J KING GARAGES WELLING),1005,"PARK VIEW ROAD, DA16 1SF"
279,ESSO BEXLEYHEATH (MFG BROADWAY),1007,"BROADWAY, DA6 8AS"
280,SHELL WELLING (SHELL BUDGENS BELLEGROVE),1021,"BELLEGROVE ROAD, DA16 3QS"
281,JET WELL HALL ROAD (MFG WELL HALL),1023,"WELL HALL ROAD, SE9 6SX"
282,TEXACO WELLING (ANCHOR SERVICE STATION),1022,"BELLEGROVE ROAD, DA16 3RW"
283,SAINSBURYS CRAYFORD,1016,"STADIUM WAY, DA1 4HW"
284,SHELL BEXLEYHEATH (MFG BEXLEYHEATH),1009,"LONG LANE, DA7 5AH"
285,UNBRANDED BEXLEYHEATH (W J KING GARAGES BEXLEYHEATH),1008,"LONG LANE, DA7 5AQ"
286,ESSO PRINCES ROAD (RSS WINSTON),130,"PRINCES ROAD, DA1 2PZ"
287,BP PRINCES ROAD (MFG ELMS),132,"PRINCES ROAD, DA1 1RB"
288,BP PRINCES ROAD (RSS DARTFORD),127,"PRINCES ROAD, DA1 1YT"
289,ESSO DARTFORD ROAD (DARTFORD EXPRESS),129,"DARTFORD ROAD, DA1 3EN"
290,SHELL LONDON ROAD (SHELL INVICTUS),17508,"LONDON ROAD, DA2 6AS"
291,SHELL BURNHAM ROAD (SHELL BURNHAM ROAD),125,"BURNHAM ROAD, DA1 5BN"
292,SHELL ERITH (SHELL ERITH),1014,"NORTHEND ROAD, DA8 3RF"
293,ASDA GREENHITHE,25051,"STATION ROAD, DA9 9BT"
294,ESSO GREENHITHE (RSS GREENHITHE),2241,"LONDON ROAD, DA9 9EJ"
295,BP ERITH (MFG ERITH),1011,"BEXLEY ROAD, DA8 3EX"
296,GULF ERITH (BELMONT SERVICE STATION),1012,"BELMONT ROAD, DA8 1LB"
297,MORRISONS ERITH,18002,"JAMES WATT WAY, DA8 2AH"
298,SAINSBURYS PEPPER HILL,8871,"WINGFIELD BANK, DA11 8JH"
299,TEXACO GRAYS (LONDON ROAD SERVICE STATION),1559,"LONDON ROAD, RM20 3JT"
300,SHELL STONEBRIDGE ROAD (SHELL NORTHFLEET),3706,"STONEBRIDGE ROAD, DA11 9BJ"
301,ESSO PURFLEET (MFG MEADS),1558,"ARTERIAL ROAD, RM19 1TS"
302,TESCO HAYES BULLS BRIDGE EXTRA,1270,"HAYES ROAD, UB2 5LN"
303,BP SOUTHALL (MFG HAYES),1271,"HAYES ROAD, UB2 5LZ"
304,M4 HESTON MOTO MOTORWAY SERVICE AREA WESTBOUND,12283,"M4 J2-3, TW5 9NB"
305,ESSO NORTH HYDE ROAD (SOUTH HAYES EXPRESS),1302,"NORTH HYDE ROAD, UB3 4NE"
306,M4 HESTON MOTO MOTORWAY SERVICE AREA EASTBOUND,6591,"M4 J2-3, TW5 9NB"
307,ASDA HAYES AUTOMAT,26131,"MILLINGTON ROAD, UB3 4AZ"
308,SAINSBURYS HAYES,1291,"COLDHARBOUR LANE, UB3 3EX"
309,SHELL HOUNSLOW (HESTON SERVICE STATION),1253,"HESTON ROAD, TW5 0RG"
310,BP BATH ROAD (CRANFORD SF CONNECT),1250,"BATH ROAD, TW5 9BA"
311,TESCO YEADING EXTRA,1880,"GLENCOE ROAD, UB4 9SQ"
312,TEXACO HOUNSLOW (HOUNSLOW SERVICE STATION),1247,"GREAT WEST ROAD, TW5 9AN"
313,ESSO SOUTHALL (MFG SOUTHALL),1266,"UXBRIDGE ROAD, UB1 3DD"
314,ESSO SHEPISTON LANE (HEATHROW NORTH SERVICE STATION),1305,"SHEPISTON LANE, UB3 1LL"
315,BP GREAT WEST ROAD (RAVENSCROFT SF CONNECT),1244,"GREAT WEST ROAD, TW5 0BT"
316,BP GREENFORD ROAD (GREENFORD PARK SERVICE STATION),1263,"GREENFORD ROAD, UB6 9BA"
317,ESSO WEST DRAYTON (RSS HARLINGTON),1260,"BATH ROAD, UB3 5AY"
318,SHELL NORTHOLT (SHELL BUDGENS YEADING),1275,"YEADING LANE, UB5 6LN"
319,ESSO GREENFORD (MEAD SERVICE STATION),1267,"RUISLIP ROAD, UB6 9RP"
320,GULF UXBRIDGE (COLHAM GREEN SELF SERVE),4673,"COLHAM GREEN ROAD, UB8 3JY"
321,ESSO BOSTON ROAD (MFG STUDLEY GRANGE),698,"BOSTON ROAD, W7 3QJ"
322,SHELL CHURCH ROAD (HANWELL SERVICE STATION),703,"CHURCH ROAD, W7 1DR"
323,CO-OP LEES CORNER,1293,"UXBRIDGE ROAD, UB10 0NZ"
324,MURCO HILLINGDON (MORGANS GARAGE),1294,"PIELD HEATH ROAD, UB8 3NG"
325,GULF WEST DRAYTON (WEST DRAYTON SERVICE STATION),11533,"STATION ROAD, UB7 7ND"
326,SHELL HOLLOWAY LANE (SHELL WEST DRAYTON),1258,"HOLLOWAY LANE, UB7 0AE"
327,ASDA NORTHOLT WESTERN AVENUE PFS,1277,"TARGET ROUNDABOUT, UB5 5AW"
328,BP HILLINGDON (HILLINGDON SF CONNECT),1278,"LONG LANE, UB10 0LQ"
329,TESCO OSTERLEY EXTRA,1252,"SYON LANE, TW7 5NZ"
330,SHELL BRENTFORD (SHELL GILLETTE CORNER),1251,"GREAT WEST ROAD, TW7 5NG"
331,SHELL GREENFORD (SHELL ROUNDABOUT),1262,"GREENFORD ROAD, UB6 8QQ"
332,BP MANDEVILLE ROAD (MANDEVILLE SERVICE STATION),1276,"MANDEVILLE ROAD, UB5 5BH"
333,JET WEST DRAYTON (MFG MILL ROAD),1297,"MILL ROAD, UB7 7EQ"
334,BP WESTERN AVENUE (GREENFORD ROUNDABOUT FILLING STATION),1332,"WESTERN AVENUE, UB6 8EU"
335,SHELL HIGH STREET (SHELL YIEWSLEY),1299,"HIGH STREET, UB7 7QP"
336,SHELL COLNBROOK BYPASS (SHELL HEATHROW),12324,"COLNBROOK BYPASS, UB7 0HB"
337,SHELL RUISLIP (SHELL NORTHOLT),632,"WEST END ROAD, HA4 6QQ"
338,SAINSBURYS SOUTH RUISLIP,18334,"LONG DRIVE, HA4 0HQ"
339,BP WESTERN AVENUE (PERIVALE SF CONNECT),1879,"WESTERN AVENUE, UB6 8TF"
340,ESSO HIGH ROAD (COWLEY EXPRESS),1300,"HIGH ROAD, UB8 2HS"
341,ESSO SOUTH EALING ROAD (TRIANGLE SERVICE STATION),700,"SOUTH EALING ROAD, W5 4QT"
342,ASDA SOUTH RUISLIP AUTOMAT,26263,"OLD DAIRY LANE, HA4 0EF"
343,BP GUNNERSBURY AVENUE (GUNNERSBURY PARK SF CONNECT),76,"GUNNERSBURY AVENUE, W5 4LR"
344,ESSO GREAT WEST ROAD (RSS THE DOME),77,"GREAT WEST ROAD, TW8 9AD"
345,JET BRENTFORD (BRENTFORD SERVICE STATION),79,"HIGH STREET, TW8 0DU"
346,ESSO GREAT WEST ROAD (RSS CHISWICK FLYOVER),89,"GREAT WEST ROAD, W4 5QJ"
347,ESSO UXBRIDGE ROAD (ACTON EXPRESS),17619,"UXBRIDGE ROAD, W3 9RH"
348,SHELL HANGER LANE (SHELL WAITROSE EALING),66,"HANGER LANE, W5 3HJ"
349,BP SOUTH PARADE (MFG CHISWICK),97,"SOUTH PARADE, W4 5LG"
350,BP HORN LANE (HORN LANE FILLING STATION),68,"HORN LANE, W3 6PH"
351,SHELL THE VALE (MFG ACTON PARK),73,"THE VALE, W3 7QS"
352,SHELL WESTERN AVENUE (SHELL PARK ROYAL),1721,"WESTERN AVENUE, W3 0PA"
353,BP WESTERN AVENUE (WESTERN AVENUE SF CONNECT),1722,"WESTERN AVENUE, W3 0TE"
354,SHELL THE VALE (MFG ACTON VALE),72,"THE VALE, W3 7RS"
355,ASDA PARK ROYAL AUTOMAT,1877,"PARK ROYAL ROAD, NW10 7LW"
356,SHELL GOLDHAWK ROAD (SHELL HAMMERSMITH),96,"GOLDHAWK ROAD, W6 0XF"
357,ESSO EALING ROAD (ALPERTON SERVICE STATION),1333,"EALING ROAD, HA0 1JQ"
358,TESCO HOOVER BUILDING,1336,"WESTERN AVENUE, UB6 8DW"
359,SAINSBURYS ALPERTON,1334,"EALING ROAD, HA0 1PF"
360,BP GREAT WEST ROAD (MFG CROMWELL ROAD NORTH),87,"GREAT WEST ROAD, W6 9TQ"
361,BP GREAT WEST ROAD (CROMWELL ROAD SF SOUTH CONNECT),86,"GREAT WEST ROAD, W6 9TQ"
362,ESSO ABBEY ROAD (PARK ROYAL SERVICE STATION),1878,"ABBEY ROAD, NW10 7TS"
363,ESSO CASTELNAU (BARNES EXPRESS),85,"CASTELNAU, SW13 9EW"
364,TEXACO SCRUBS LANE (SCRUBS LANE SERVICE STATION),1707,"SCRUBS LANE, W10 6AH"
365,BP SHEPHERDS BUSH GREEN (BUSH CENTRE SF CONNECT),1893,"SHEPHERDS BUSH GREEN, W12 8PS"
366,TEXACO HARROW ROAD (COLLEGE PARK SERVICE STATION),1703,"HARROW ROAD, NW10 5ND"
367,UNBRANDED CHURCH ROAD (CRAVEN PARK SERVICE STATION),1698,"CHURCH ROAD, NW10 8SR"
368,BP HAMERSMITH FLYOVER (FLYOVER SF CONNECT),1710,"HAMERSMITH FLYOVER, W6 8BJ"
369,SHELL FULHAM PALACE ROAD (SHELL FULHAM CROSS),1712,"FULHAM PALACE ROAD, W6 9NT"
370,UNBRANDED HOLLAND ROAD (HOLLAND ROAD SERVICE STATION),306,"HOLLAND ROAD, W14 8BA"
371,SHELL BAYSWATER ROAD (SHELL WAITROSE BAYSWATER),1530,"BAYSWATER ROAD, W2 3HT"
372,SHELL OLD BROMPTON ROAD (SHELL OLD BROMPTON),307,"OLD BROMPTON ROAD, SW7 3RA"
373,UNBRANDED ST MARKS ROAD (ANDREWS GARAGE),1717,"ST MARKS ROAD, W11 1RE"
374,ESSO FULHAM ROAD (CHELSEA EXPRESS),310,"FULHAM ROAD, SW10 9UZ"
375,SHELL HARROW ROAD (SHELL WESTBOURNE),1720,"HARROW ROAD, W2 5EH"
376,GULF SLOANE AVENUE (CHELSEA CLOISTERS SERVICE STATION),301,"SLOANE AVENUE, SW3 3DL"
377,SHELL ASHBURNHAM ROAD (SHELL CHELSEA),309,"ASHBURNHAM ROAD, SW10 0NY"
378,ESSO KINGS ROAD (FULHAM EXPRESS),298,"KINGS ROAD, SW6 2EJ"
379,SAINSBURYS LADBROKE GROVE,1718,"CANAL WAY, W10 5AA"
380,ESSO EDGWARE ROAD (MFG THE VALE),1527,"EDGWARE ROAD, W2 1BT"
381,SHELL FULHAM ROAD (SHELL EV FULHAM),1891,"FULHAM ROAD, SW6 5HY"
382,ESSO PARK LANE (MFG PARK LANE),1164,"PARK LANE, W1K 7HB"
383,ESSO SUTHERLAND AVENUE (MAIDA VALE EXPRESS),1529,"SUTHERLAND AVENUE, W9 1UP"
384,SHELL EBURY STREET (SHELL VICTORIA),1160,"EBURY STREET, SW1W 9QJ"
385,SHELL MARYLEBONE ROAD (MFG SPAR DORSET HOUSE),1523,"MARYLEBONE ROAD, NW1 5AR"
386,SAINSBURYS LOWER RICHMOND ROAD,1371,"LOWER RICHMOND ROAD, SW15 1EU"
387,BP WELLINGTON ROAD (MFG LORDS),490,"WELLINGTON ROAD, NW8 9SQ"
388,SHELL YORK ROAD (SHELL SAVOY),290,"YORK ROAD, SW18 1TP"
389,SHELL QUEENSTOWN ROAD (SHELL WAITROSE BATTERSEA),1147,"QUEENSTOWN ROAD, SW8 4LT"
390,BP SWANDON WAY (WANDSWORTH SF CONNECT),296,"SWANDON WAY, SW18 1EW"
391,BP VAUXHALL BRIDGE ROAD (MFG VAUXHALL BRIDGE),12516,"VAUXHALL BRIDGE ROAD, SW1V 2RE"
392,SHELL GROSVENOR ROAD (RSS EMBANKMENT),1158,"GROSVENOR ROAD, SW1V 3JY"
393,SHELL KILBURN HIGH ROAD (SHELL KILBURN),1693,"KILBURN HIGH ROAD, NW6 7QE"
394,BP CLAPHAM COMMON NORTH SIDE (MFG CLAPHAM COMMON),1150,"CLAPHAM COMMON NORTH SIDE, SW4 9SH"
395,TEXACO WANDSWORTH ROAD (CO-OP CLAPHAM),1146,"WANDSWORTH ROAD, SW8 3LT"
396,BP FINCHLEY ROAD (HAMPSTEAD SERVICE STATION),494,"FINCHLEY ROAD, NW3 5EY"
397,SHELL WILLESDEN LANE (SHELL WILLESDEN),1692,"WILLESDEN LANE, NW2 5HS"
398,TEXACO ALBERT EMBANKMENT (EMBANKMENT SERVICE STATION),8020,"ALBERT EMBANKMENT, SE1 7TL"
399,MORRISONS CAMDEN,714,"CHALK FARM ROAD, NW1 8AA"
400,SHELL SOUTHWARK BRIDGE ROAD (SHELL SOUTHWARK BRIDGE),1135,"SOUTHWARK BRIDGE ROAD, SE1 0AX"
401,ESSO NEW KENT ROAD (MFG NEWINGTON SPAR),1139,"NEW KENT ROAD, SE1 4AG"
402,TEXACO KENNINGTON ROAD (KENNINGTON SERVICE STATION),1140,"KENNINGTON ROAD, SE11 6PR"
403,APPLEGREEN KENNINGTON LANE (APPLEGREEN KENNINGTON),1141,"KENNINGTON LANE, SE11 5RD"
404,TESCO SOUTHWARK,25,"DUNTON ROAD, SE1 5HG"
405,APPLEGREEN CAMBERWELL ROAD (APPLEGREEN CAMBERWELL),41,"CAMBERWELL ROAD, SE5 0EG"
406,TEXACO THE HIGHWAY (ST KATHERINES SERVICE STATION),1521,"THE HIGHWAY, E1W 2BN"
407,ASDA OLD KENT ROAD AUTOMAT,26,"OLD KENT ROAD, SE1 5AG"
408,BP THE HIGHWAY (TOWER CONNECT),1465,"THE HIGHWAY, E1W 2BU"
409,SHELL SOUTHWARK PARK ROAD (SHELL SOUTHWARK PARK),1131,"SOUTHWARK PARK ROAD, SE16 2JN"
410,SHELL OLD STREET (SHELL OLD STREET),12529,"OLD STREET, EC1V 9BP"
411,SHELL WHITECHAPEL ROAD (SHELL WHITECHAPEL),1489,"WHITECHAPEL ROAD, E1 1DT"
412,TEXACO CITY ROAD (CITY ROAD SERVICE STATION),1871,"CITY ROAD, EC1V 1JQ"
413,TESCO SURREY QUAYS EXTRA,1043,"REDRIFF ROAD, SE16 7LL"
414,ASDA BETHNAL GREEN VALLANCE ROAD PFS,1460,"VALLANCE ROAD, E1 5BW"
415,BP OLD KENT ROAD (MFG HOPFIELDS),29,"OLD KENT ROAD, SE15 1NZ"
416,ESSO BRIXTON ROAD (STOCKWELL EXPRESS),57,"BRIXTON ROAD, SW9 7AA"
417,MORRISONS PECKHAM,17622,"HANOVER PARK, SE15 5HS"
418,JET HINTON ROAD (HERNE HILL SERVICE STATION),64,"HINTON ROAD, SE24 0HJ"
419,SHELL NEW CROSS ROAD (SOUTHWARK SERVICE STATION),31,"NEW CROSS ROAD, SE14 5BE"
420,TEXACO CALEDONIAN ROAD (CO-OP CALEDONIAN),593,"CALEDONIAN ROAD, N1 0SL"
421,BP CAMBRIDGE HEATH ROAD (MUSEUM SERVICE STATION),1457,"CAMBRIDGE HEATH ROAD, E2 9LH"
422,SHELL UPPER STREET (SHELL UPPER STREET),603,"UPPER STREET, N1 2TZ"
423,SHELL EVELYN STREET (SHELL DEPTFORD),1045,"EVELYN STREET, SE8 5RJ"
424,BP GROVE VALE (GROVE VALE FILLING STATION),43,"GROVE VALE, SE22 8EN"
425,ESSO EAST DULWICH ROAD (MFG DULWICH),46,"EAST DULWICH ROAD, SE22 9BD"
426,SAINSBURYS NEW CROSS GATE,12527,"NEW CROSS ROAD, SE14 5UL"
427,TEXACO MARE STREET (MARE STREET SERVICE STATION),1453,"MARE STREET, E8 3SG"
428,TEXACO GROVE ROAD (GROVE ROAD FILLING STATION),1467,"GROVE ROAD, E3 4PE"
429,SHELL YORK WAY (SHELL CAMDEN TOWN),459,"YORK WAY, N7 9QE"
430,ESSO CAMDEN ROAD (CAMDEN EXPRESS),457,"CAMDEN ROAD, NW1 9HG"
431,SHELL HOLLOWAY ROAD (SHELL HOLLOWAY),1188,"HOLLOWAY ROAD, N7 8JE"
432,TEXACO CREEK ROAD (PARK DEPTFORD SERVICE STATION),1046,"CREEK ROAD, SE8 3BU"
433,ASDA DOCKLANDS AUTOMAT,8905,"EAST FERRY ROAD, E14 3BT"
434,TEXACO COTTON STREET (COTTON STREET SERVICE STATION),1496,"COTTON STREET, E14 0EL"
435,SAINSBURYS CHARLTON RIVERSIDE,18410,"BUGSBYS WAY, SE10 0QJ"
436,BP TRAFALGAR ROAD (TRAFALGAR SF CONNECT),1028,"TRAFALGAR ROAD, SE10 9TS"
437,SHELL NORTH WOOLWICH ROAD (PARK SILVERTOWN),1534,"NORTH WOOLWICH ROAD, E16 2BB"
438,ASDA CHARLTON,15846,"BUGSBYS WAY, SE7 7SR"
439,BP WOOLWICH ROAD (MFG HEXAGON),996,"WOOLWICH ROAD, SE7 7AL"
440,BP NEWHAM WAY (NEWHAM WAY CONNECT),1520,"NEWHAM WAY, E16 1QX"
441,TESCO BROMLEY BY BOW,1494,"BLACKWALL TUNNEL NORTHERN APPROACH, E3 3DA"
442,ESSO SHOOTERS HILL ROAD (MFG BLACKHEATH),1031,"SHOOTERS HILL ROAD, SE3 7HS"
443,SHELL SHOOTERS HILL ROAD (SHELL SHOOTERS HILL),1032,"SHOOTERS HILL ROAD, SE3 8UQ"
444,TEXACO BOW ROAD (CO-OP BOW ROAD),1491,"BOW ROAD, E3 2AN"
445,ESSO BARKING ROAD (MFG WHITEFIELDS),1516,"BARKING ROAD, E13 9JY"
446,TESCO LEWISHAM,1049,"LEWISHAM ROAD, SE13 7PY"
447,BP KIDBROOKE PARK ROAD (RSS BLACKHEATH),1854,"KIDBROOKE PARK ROAD, SE3 0DZ"
448,ESSO LOAMPIT HILL (LOAMPIT VALE EXPRESS),1040,"LOAMPIT HILL, SE13 7TG"
449,SHELL WICK LANE (SHELL OLD FORD),1492,"WICK LANE, E3 2TB"
450,UNBRANDED ARTILLERY PLACE (W J KING GARAGES WOOLWICH),136,"ARTILLERY PLACE, SE18 4AB"
451,ASDA BECKTON AUTOMAT,1536,"FROBISHER ROAD, E6 5LX"
452,TEXACO HIGH STREET SOUTH (EAST HAM SERVICE STATION),1538,"HIGH STREET SOUTH, E6 3RR"
453,ESSO BROCKLEY ROAD (MFG FOXBERRY),1860,"BROCKLEY ROAD, SE4 2SU"
454,SAINSBURYS BECKTON,1537,"CLAPS GATE LANE, E6 6JF"
455,GULF ROMFORD ROAD (MAYESBROOK MOTORS),1512,"ROMFORD ROAD, E7 8BS"
456,UNBRANDED LEYTONSTONE ROAD (STATE OIL LEYTONSTONE SERVICE STATION),1499,"LEYTONSTONE ROAD, E15 1LN"
457,TESCO GALLIONS REACH EXTRA,25251,"ARMADA WAY, E6 7FB"
458,ESSO PLUMSTEAD COMMON ROAD (MFG PLUMSTEAD COMMON),135,"PLUMSTEAD COMMON ROAD, SE18 2UL"
459,SHELL HIGH STREET NORTH (PARK HIGH STREET NORTH SERVICE STATION),1544,"HIGH STREET NORTH, E12 6TL"
460,MORRISONS THAMESMEAD,17542,"JOYCE DAWSON WAY, SE28 8RA"
461,TEXACO PLUMSTEAD HIGH STREET (LAKEDALE SERVICE STATION),999,"PLUMSTEAD HIGH STREET, SE18 1JH"
462,JET BOSTALL HILL (THAMESMEAD GARAGE),1000,"BOSTALL HILL, SE2 0RB"
463,BP HARROW MANOR WAY (MFG THAMESMEAD),1003,"HARROW MANOR WAY, SE2 9SA"
464,BP BARKING (RSS RIPPLE),1553,"ALFREDS WAY, IG11 0AT"
465,SHELL RIPPLE ROAD (SHELL RIPPLE ROAD),1552,"RIPPLE ROAD, IG11 9PG"
466,ESSO BARKING (BARKING EXPRESS),1551,"RIPPLE ROAD, IG11 9PG"
467,TEXACO BARKING (BARKING SERVICE STATION),1564,"RIPPLE ROAD, IG11 0TT"
468,TESCO BARKING,1547,"HIGHBRIDGE ROAD, IG11 7BS"
469,ASDA DAGENHAM,1563,"MERRIELANDS CRESCENT, RM9 6SJ"
470,SHELL LONDON ROAD (SHELL BARKING),1548,"LONDON ROAD, IG11 8BU"
471,SHELL NEW ROAD (PARK FORD SERVICE STATION),1554,"NEW ROAD, RM10 9NE"
472,ESSO ILFORD LANE (MFG LOXFORD),314,"ILFORD LANE, IG1 2PG"
473,ESSO RAINHAM (MFG BEAM),1555,"NEW ROAD, RM13 8DP"
474,SHELL ILFORD LANE (ILFORD LANE SERVICE STATION),312,"ILFORD LANE, IG1 2LW"
475,ESSO DAGENHAM (MFG RAINHAM ROAD),1570,"RAINHAM ROAD SOUTH, RM10 8YT"
476,SHELL RAINHAM ROAD SOUTH (PARK CORONET SERVICE STATION),1569,"RAINHAM ROAD SOUTH, RM10 8UX"
477,TESCO RAINHAM ESSEX EXTRA,1560,"BRIDGE ROAD, RM13 9YZ"
478,ESSO GREEN LANE (ILFORD EXPRESS),316,"GREEN LANE, IG1 1XR"
479,SHELL ROMFORD ROAD (PARK MANOR SERVICE STATION),311,"ROMFORD ROAD, E12 5JT"
480,ESSO PURFLEET ROAD (MFG AVELEY SPAR),10672,"PURFLEET ROAD, RM15 4DJ"
481,M25 THURROCK MFG MOTORWAY SERVICE AREA,3055,"M25 J30, RM16 3BG"
482,TESCO LAKESIDE EXTRA,9163,"CYGNET VIEW, RM20 1TX"
483,COSTCO WEST THURROCK (COSTCO THURROCK AUTOMAT),26217,"WEST THURROCK WAY, RM20 3WY"
484,BP DAGENHAM (RAINHAM ROAD SERVICE STATION),1576,"RAINHAM ROAD SOUTH, RM10 7UU"
485,ESSO HORNCHURCH (MFG HORNCHURCH),1578,"UPPER RAINHAM ROAD, RM12 4BZ"
486,TEXACO OXLOW LANE (PARK OXLOW LANE SERVICE STATION),1575,"OXLOW LANE, RM10 7YX"
487,SAINSBURYS CHAFFORD HUNDRED,9164,"BURGHLEY ROAD, RM16 6YJ"
488,SHELL CORBETS TEY ROAD (PARK TEY SERVICE STATION),1580,"CORBETS TEY ROAD, RM14 2AP"
489,SHELL ST MARYS LANE (SHELL UPMINSTER),1579,"ST MARYS LANE, RM14 3BS"
490,BP HORNCHURCH ROAD (HARROW SERVICE STATION),265,"HORNCHURCH ROAD, RM11 1DP"
491,ESSO NORTH ROAD (SOUTH OCKENDON EXPRESS),3054,"NORTH ROAD, RM15 6QA"
492,TESCO ROMFORD EXTRA,1572,"HORNCHURCH ROAD, RM11 1PY"
493,BP ROMFORD (MFG COOPERS ARMS),473,"RUSH GREEN ROAD, RM7 0QA"
494,SHELL WOOD LANE (SHELL DAGENHAM),272,"WOOD LANE, RM10 7RP"
495,TEXACO HORNCHURCH (CO-OP HORNCHURCH),269,"BILLET LANE, RM11 1XA"
496,TEXACO WHALEBONE LANE SOUTH (TRIPTONS SERVICE STATION),274,"WHALEBONE LANE SOUTH, RM8 1AJ"
497,SHELL PINNER (SHELL PINNER),606,"PINNER GREEN, HA5 2AF"
498,ESSO JOEL STREET (NORTHWOOD EXPRESS),1644,"JOEL STREET, HA5 2PA"
499,ESSO EASTCOTE HIGH ROAD (MFG PINNER),1643,"EASTCOTE HIGH ROAD, HA5 2ET"
500,BP BURY STREET (BURY STREET SF CONNECT),1662,"BURY STREET, HA4 7TW"
501,ESSO STATION ROAD (MFG TEN PIN),1658,"STATION ROAD, HA2 6AE"
502,ESSO PRESTWICK ROAD (SOUTH OXHEY EXPRESS),1809,"PRESTWICK ROAD, WD19 6EG"
503,ESSO SANDY LANE (SANDY LODGE SERVICE STATION),1808,"SANDY LANE, HA6 2HU"
504,GULF RUISLIP (ICKENHAM SERVICE STATION),1640,"ICKENHAM ROAD, HA4 7DH"
505,SHELL PINNER ROAD (MFG HARROW),1655,"PINNER ROAD, HA1 4EU"
506,ESSO HIGH STREET (MFG HIGH WEALD),1650,"HIGH STREET, HA3 5EA"
507,BP VICTORIA ROAD (MFG VICTORIA ROAD SPAR),633,"VICTORIA ROAD, HA4 0SA"
508,ESSO ALEXANDRA AVENUE (HARROW EXPRESS),584,"ALEXANDRA AVENUE, HA2 9DL"
509,ESSO RUISLIP (MFG EASTCOTE),630,"FIELD END ROAD, HA4 0QP"
510,BP HARROW (BESSBOROUGH SF CONNECT),1881,"BESSBOROUGH ROAD, HA1 3BS"
511,SHELL UXBRIDGE (SHELL ICKENHAM),1639,"HIGH ROAD, UB10 8LF"
512,SHELL NORTHOLT ROAD (SHELL WAITROSE SOUTH HARROW),17600,"NORTHOLT ROAD, HA2 0EG"
513,ESSO LONG LANE (MFG SWAKELEYS),1638,"LONG LANE, UB10 8TB"
514,BP WATFORD (HKS COLNE),1798,"WIGGENHALL ROAD, WD18 0FS"
515,ESSO HIGH ROAD (BUSHEY HEATH EXPRESS),1804,"HIGH ROAD, WD23 1EL"
516,BP PETTS HILL (NORTHOLT PARK SF CONNECT),585,"PETTS HILL, UB5 4NP"
517,ESSO BELMONT CIRCLE (BELMONT SERVICE STATION),1884,"BELMONT CIRCLE, HA3 8SF"
518,TESCO WATFORD EXTRA,1799,"HIGH STREET, WD17 2BD"
519,SHELL WATFORD ROAD (SHELL CROXLEY GREEN),1666,"WATFORD ROAD, WD3 3ED"
520,UNBRANDED GREENFORD (GREENFORD SERVICE STATION),1353,"GREENFORD ROAD, UB6 0EJ"
521,UNBRANDED RICKMANSWORTH (RICKMANSWORTH SERVICE STATION),4697,"VICTORIA CLOSE, WD3 4EQ"
522,JET HARROW (KENTON PARK SERVICE STATION),111,"KENTON ROAD, HA3 9DP"
523,ESSO RICKMANSWORTH (MFG RICKMANSWORTH SPAR),1681,"UXBRIDGE ROAD, WD3 7BG"
524,SHELL WATFORD ROAD (PARK HARROW SERVICE STATION),1340,"WATFORD ROAD, HA0 3HF"
525,SHELL DENHAM (SHELL BUDGENS DENHAM),1683,"NORTH ORBITAL ROAD, UB9 5EY"
526,BP RICKMANSWORTH (MILL END SF CONNECT),1682,"UXBRIDGE ROAD, WD3 8DS"
527,ESSO STANMORE (STANMORE EXPRESS),106,"HONEYPOT LANE, HA7 1JN"
528,ESSO ST ALBANS ROAD (RSS WATFORD),1674,"ST ALBANS ROAD, WD24 4AE"
529,ESSO BOREHAMWOOD (ELSTREE HILL SERVICE STATION),116,"ELSTREE HILL SOUTH, WD6 3BL"
530,ESSO EDGWARE (EDGWARE EXPRESS),115,"STONEGROVE, HA8 8AF"
531,MORRISONS QUEENSBURY,108,"CUMBERLAND ROAD, NW9 6RN"
532,ESSO OXFORD ROAD (MFG NEW DENHAM),288,"OXFORD ROAD, UB9 4DN"
533,ESSO EAST LANE (MFG WEMBLEY),1341,"EAST LANE, HA9 7PU"
534,ESSO OXFORD ROAD (WILLOWBANK SERVICE STATION),287,"OXFORD ROAD, UB9 4DA"
535,ESSO OXFORD ROAD (DENHAM SERVICE STATION),1686,"OXFORD ROAD, UB9 4DF"
536,BP DENHAM (FLYING RED HORSE SF CONNECT),1687,"OXFORD ROAD, UB9 4DG"
537,SHELL KENTON ROAD (MFG KENTON ROAD),110,"KENTON ROAD, HA3 9RY"
538,SHELL EDGWARE ROAD (SHELL PINE),101,"EDGWARE ROAD, NW9 0HS"
539,ASDA COLINDALE AUTOMAT,26054,"CAPITOL WAY, NW9 0EW"
540,UNBRANDED EDGWARE (DEANSBROOK GARAGE),104,"HALE LANE, HA8 9RZ"
541,MURCO LONDON (WOODCHURCH SERVICE STATION),1728,"CHURCH LANE, NW9 8SL"
542,SHELL BARNET WAY (SHELL MILL HILL),120,"BARNET WAY, NW7 3ET"
543,BP PENTAVIA RETAIL PARK (WATFORD WAY SF CONNECT),122,"PENTAVIA RETAIL PARK, NW7 2ET"
544,SAINSBURYS HENDON,100,"HYDE ESTATE ROAD, NW9 6JX"
545,ASDA WEMBLEY AUTOMAT,26018,"FORTY LANE, HA9 9EX"
546,M1 LONDON GATEWAY WELCOME BREAK MOTORWAY SERVICE AREA,1688,"M1 J3, NW7 3HB"
547,ESSO WATFORD WAY (OBSERVATORY SERVICE STATION),121,"WATFORD WAY, NW7 2PT"
548,SHELL EMPIRE WAY (MFG WEMBLEY PARK),1345,"EMPIRE WAY, HA9 0RJ"
549,TEXACO THE BROADWAY (PARK WELSH HARP SERVICE STATION),99,"THE BROADWAY, NW9 7DN"
550,BP BLACKBIRD HILL (BLACKBIRD HILL SF CONNECT),1727,"BLACKBIRD HILL, NW9 8SD"
551,ESSO WATFORD WAY (RSS HENDON WAY),1751,"WATFORD WAY, NW4 3AQ"
552,BP FINCHLEY LANE (FINCHLEY LANE SF CONNECT),1752,"FINCHLEY LANE, NW4 1DL"
553,SHELL NORTH CIRCULAR ROAD (SHELL NEASDEN),1350,"NORTH CIRCULAR ROAD, NW10 0SH"
554,SHELL BARNET BYPASS (SHELL STIRLING CORNER),1794,"BARNET BYPASS, EN5 3JG"
555,TESCO WEMBLEY EXTRA,1349,"GREAT CENTRAL WAY, NW10 0TL"
556,MORRISONS BOREHAMWOOD,26084,"STIRLING WAY, WD6 2BT"
557,ASDA ELSTREE ALLUM LANE PFS,1815,"ALLUM LANE, WD6 3LS"
558,ESSO EDGWARE ROAD (MFG VICTORIA),1689,"EDGWARE ROAD, NW2 6LH"
559,TESCO BRENT CROSS HENDON WAY,1735,"TILLING ROAD, NW2 1LZ"
560,SHELL EDGWARE ROAD (HKS STAPLES CORNER),1690,"EDGWARE ROAD, NW2 6LD"
561,TEXACO NEASDEN LANE (NEASDEN LANE SERVICE STATION),1696,"NEASDEN LANE, NW10 2UE"
562,BP DOLLIS ROAD (KELLYS CORNER SF CONNECT),1753,"DOLLIS ROAD, NW7 1JX"
563,ESSO DUDDEN HILL LANE (DUDDEN HILL SERVICE STATION),1697,"DUDDEN HILL LANE, NW10 1DE"
564,TESCO BOREHAMWOOD EXTRA,1813,"SHENLEY ROAD, WD6 1JG"
565,ESSO EDGWARE ROAD (MFG CRICKLEWOOD),1691,"EDGWARE ROAD, NW2 6ND"
566,ESSO FINCHLEY ROAD (RSS GOLDERS GREEN),1744,"FINCHLEY ROAD, NW11 6AH"
567,BP NORTH CIRCULAR ROAD (BYRON SF CONNECT),1747,"NORTH CIRCULAR ROAD, N12 0AP"
568,TESCO COLNEY HATCH EXTRA,1754,"NORTH CIRCULAR ROAD, N12 0SH"
569,ESSO HIGH ROAD (MFG WHETSTONE),614,"HIGH ROAD, N20 0LH"
570,ESSO ARCHWAY ROAD (MFG WELLINGTON),706,"ARCHWAY ROAD, N6 4HX"
571,SHELL COLNEY HATCH LANE (SHELL MUSWELL HILL),712,"COLNEY HATCH LANE, N10 1QB"
572,BP RUSSELL LANE (BARNET SERVICE STATION),616,"RUSSELL LANE, N20 0BB"
573,BP WATERFALL ROAD SOUTH (WATERFALL SF CONNECT),1761,"WATERFALL ROAD SOUTH, N11 1NH"
574,BP PINKHAM WAY (PINKHAM WAY SF CONNECT),1755,"PINKHAM WAY, N11 2UU"
575,GULF NORTH ROAD (JOHN NICHOL CARS),1739,"NORTH ROAD, N6 4BE"
576,BP GREAT NORTH ROAD (ODEON SF CONNECT),561,"GREAT NORTH ROAD, EN5 1EQ"
577,SHELL PARK ROAD (SHELL HORNSEY PARK ROAD),711,"PARK ROAD, N8 8JN"
578,UNBRANDED BOUNDS GREEN ROAD (BOUNDS GREEN SERVICE STATION),1756,"BOUNDS GREEN ROAD, N11 2QH"
579,ESSO EAST BARNET ROAD (NEW BARNET EXPRESS),559,"EAST BARNET ROAD, EN4 8QX"
580,BP HORNSEY RISE (MFG HORNSEY RISE SPAR),1470,"HORNSEY RISE, N19 3SH"
581,TEXACO TOTTENHAM LANE (CO-OP CROUCH END),1476,"TOTTENHAM LANE, N8 8SE"
582,BP HAVERSTOCK HILL (BELSIZE PARK SERVICE STATION),489,"HAVERSTOCK HILL, NW3 4QE"
583,SHELL EAST BARNET ROAD (MFG NEW BARNET),560,"EAST BARNET ROAD, EN4 8RN"
584,ESSO WOOD STREET (MFG WOOD STREET),1793,"WOOD STREET, EN5 4BX"
585,BP CHASE SIDE (MFG SOUTHGATE),1764,"CHASE SIDE, N14 5BU"
586,SHELL GREEN LANES (SHELL PALMERS GREEN),498,"GREEN LANES, N13 5UN"
587,ESSO LORDSHIP LANE (MFG LORDSHIP LANE),1482,"LORDSHIP LANE, N22 5LE"
588,TEXACO WHITE HART LANE (WHITE HART LANE SERVICE STATION),482,"WHITE HART LANE, N17 7RP"
589,ASDA TOTTENHAM WHITE HART LANE PFS,481,"WHITE HART LANE, N17 7LY"
590,PACE NORTH CIRCULAR ROAD (FOREST PALMERS GREEN SERVICE STATION),8372,"NORTH CIRCULAR ROAD, N13 6BJ"
591,SHELL THE ROUNDWAY (MFG TOTTENHAM),483,"THE ROUNDWAY, N17 7AB"
592,UNBRANDED NORTH CIRCULAR ROAD (PALMERS GREEN SERVICE STATION),499,"NORTH CIRCULAR ROAD, N13 5JF"
593,SAINSBURYS HARRINGAY,1481,"WILLIAMSON ROAD, N4 1UJ"
594,BP FORE STREET (EDMONTON SERVICE STATION),488,"FORE STREET, N18 2SX"
595,UNBRANDED STAPLETON HALL ROAD (STAPLETON SERVICE STATION),1475,"STAPLETON HALL ROAD, N4 3QF"
596,SHELL WILLOUGHBY LANE (MFG NORTHUMBERLAND PARK),486,"WILLOUGHBY LANE, N17 0QU"
597,TEXACO HIGH ROAD (STAMFORD HILL SERVICE STATION),1440,"HIGH ROAD, N15 6LS"
598,ESSO GREEN LANES (MFG HIGHFIELDS),502,"GREEN LANES, N21 3RL"
599,JET CHURCH STREET (GRAND PRIX SERVICE STATION),505,"CHURCH STREET, N9 9HL"
600,ESSO GREEN LANES (WINCHMORE HILL EXPRESS),503,"GREEN LANES, N21 2SA"
601,TESCO LEA VALLEY EXTRA,17903,"GLOVER DRIVE, N18 3HF"
602,TEXACO SEVEN SISTERS ROAD (FINSBURY PARK SERVICE STATION),1468,"SEVEN SISTERS ROAD, N4 2AP"
603,ESSO STAMFORD HILL (MFG STAMFORD HILL),1438,"STAMFORD HILL, N16 5SR"
604,TEXACO MONTAGU ROAD (MONTAGU ROAD SERVICE STATION),479,"MONTAGU ROAD, N9 0EU"
605,JET BLACKHORSE LANE (MFG HIGHAMS LODGE),444,"BLACKHORSE LANE, E17 6AA"
606,JET HERTFORD ROAD (HERTFORD ROAD GARAGE),1787,"HERTFORD ROAD, N9 7HL"
607,ESSO HORNSEY ROAD (MFG HORNSEY ROAD),1469,"HORNSEY ROAD, N7 6RA"
608,SHELL UPPER CLAPTON ROAD (SHELL CLAPTON),1443,"UPPER CLAPTON ROAD, E5 9JZ"
609,BP NORTH CIRCULAR ROAD (RSS WALTHAMSTOW),1195,"NORTH CIRCULAR ROAD, E4 8GP"
610,TEXACO HALL LANE (NORTH WEALD SERVICE STATION),1196,"HALL LANE, E4 8GP"
611,BP HERTFORD ROAD (J1 SERVICE STATION),1786,"HERTFORD ROAD, N9 7ET"
612,BP FOREST ROAD (RAINBOW SERVICE STATION),447,"FOREST ROAD, E17 6JG"
613,UNBRANDED LONDON ROAD (ENFIELD BUSH HILL SERVICE STATION),1773,"LONDON ROAD, EN2 6EU"
614,BP STOKE NEWINGTON ROAD (MFG AMBASSADOR),1190,"STOKE NEWINGTON ROAD, N16 7XA"
615,ESSO GREAT CAMBRIDGE ROAD (MFG BUSH HILL),1774,"GREAT CAMBRIDGE ROAD, EN1 1JD"
616,TEXACO MARKHOUSE ROAD (CO-OP WALTHAMSTOW),442,"MARKHOUSE ROAD, E17 8BQ"
617,MORRISONS CHINGFORD,13195,"SALISBURY HALL GARDENS, E4 8SA"
618,SAINSBURYS LOW HALL,1636,"WALTHAMSTOW AVENUE, E4 8ST"
619,ESSO BRAMLEY ROAD (OAKWOOD EXPRESS),1790,"BRAMLEY ROAD, N14 4XA"
620,GULF CHINGFORD MOUNT ROAD (CHINGFORD SERVICE STATION),1634,"CHINGFORD MOUNT ROAD, E4 8LU"
621,GULF ENFIELD (BOUNDARY SERVICE STATION),1785,"HIGH STREET, EN3 4EJ"
622,GULF WOODFORD NEW ROAD (WOODFORD SERVICE STATION),281,"WOODFORD NEW ROAD, E18 2QD"
623,GULF WOODFORD NEW ROAD (OAKHILL SERVICE STATION),282,"WOODFORD NEW ROAD, E18 2QD"
624,SHELL LARKSHALL ROAD (SHELL LARKSHALL ROAD),1633,"LARKSHALL ROAD, E4 9HH"
625,TEXACO FOREST ROAD (CO-OP FOREST ROAD WALTHAMSTOW),450,"FOREST ROAD, E17 4JD"
626,ESSO HATCH LANE (MFG CHINGFORD),1632,"HATCH LANE, E4 6LP"
627,ESSO LEA BRIDGE ROAD (LEYTON EXPRESS),434,"LEA BRIDGE ROAD, E17 9DZ"
628,ESSO HOE STREET (WALTHAMSTOW EXPRESS),445,"HOE STREET, E17 9AA"
629,JET WOODFORD GREEN (CLARKS GARAGE LTD),278,"CHIGWELL ROAD, IG8 8PN"
630,BP WOODFORD GREEN (SNAKES LANE SERVICE STATION),1631,"SNAKES LANE EAST, IG8 7JD"
631,SHELL WOODFORD GREEN (SHELL WOODFORD),285,"SOUTHEND ROAD, IG8 8QH"
632,ESSO WOODFORD GREEN (MFG WOODFORD BRIDGE),279,"CHIGWELL ROAD, IG8 8PE"
633,JET HOLLYBUSH HILL (GREENMAN SERVICE STATION),1850,"HOLLYBUSH HILL, E11 1PP"
634,BP HIGH ROAD (MFG LEYTON),435,"HIGH ROAD, E10 6JP"
635,SHELL BUCKHURST HILL (SHELL BUCKHURST HILL),1622,"HIGH ROAD, IG9 5HP"
636,JET LEYTON HIGH ROAD (MFG LEYCO),1505,"LEYTON HIGH ROAD, E10 6QA"
637,SHELL SEWARDSTONE ROAD (SHELL CHING),1197,"SEWARDSTONE ROAD, E4 7PU"
638,ESSO LEA BRIDGE ROAD (RSS ORIENT),437,"LEA BRIDGE ROAD, E10 7PN"
639,ESSO EASTERN AVENUE (MFG REDBRIDGE),1600,"EASTERN AVENUE, IG4 5AH"
640,ESSO BUCKHURST HILL (RSS EPPING),1624,"EPPING NEW ROAD, IG9 5UA"
641,JET HIGH ROAD LEYTONSTONE (LEYTONSTONE SERVICES),1500,"HIGH ROAD LEYTONSTONE, E11 4PG"
642,UNBRANDED ILFORD (BEEHIVE FILLING STATION),1598,"BEEHIVE LANE, IG4 5EE"
643,ESSO ALDERSBROOK ROAD (ALDERSBROOK SERVICE STATION),1510,"ALDERSBROOK ROAD, E12 5HH"
644,ASDA LEYTON AUTOMAT,25188,"MARSHALL ROAD, E10 5NH"
645,SHELL CHIGWELL (SHELL CHIGWELL),1607,"MANOR ROAD, IG7 5PP"
646,BP MOLLISON AVENUE (HIGHWAY SF CONNECT),1784,"MOLLISON AVENUE, EN3 7NJ"
647,TESCO BARKINGSIDE,15786,"CRANBROOK ROAD, IG6 1HY"
648,JET NEW NORTH ROAD (NEW NORTH ROAD SERVICE STATION),1605,"NEW NORTH ROAD, IG6 3AD"
649,BP EASTERN AVENUE (GREENGATE SF CONNECT),1619,"EASTERN AVENUE, IG2 7RH"
650,BP EASTERN AVENUE (NEWBURY CENTRE SERVICE STATION),1618,"EASTERN AVENUE, IG2 7HU"
651,ESSO COLLIER ROW ROAD (MFG COLLIER ROW),1613,"COLLIER ROW ROAD, RM5 2BD"
652,TESCO ROMFORD GOODMAYES EXTRA,1591,"HIGH ROAD, RM6 4HY"
653,ESSO HIGH ROAD (MFG GOODMAYES),1852,"HIGH ROAD, IG3 8RU"
654,SHELL LEY STREET (MFG ILFORD),320,"LEY STREET, IG1 4BS"
655,JET GREEN LANE (MAYFIELD SELF SERVICE STATION),1567,"GREEN LANE, IG3 9RY"
656,JET ROMFORD (MFG CHADWELL HEATH),277,"HIGH ROAD, RM6 6AU"
657,TEXACO BECONTREE AVENUE (CO-OP DAGENHAM),273,"BECONTREE AVENUE, RM8 2UU"
658,BP LOUGHTON (CHIGWELL SF CONNECT),1620,"THE BROADWAY, IG10 3ST"
659,TEXACO ROMFORD (ROMFORD SERVICE STATION),467,"EASTERN AVENUE, RM1 4SD"
660,SHELL LONDON ROAD (SHELL ABRIDGE SERVICE STATION),1609,"LONDON ROAD, RM4 1XL"
661,SHELL EASTERN AVENUE EAST (SHELL RISE PARK),468,"EASTERN AVENUE EAST, RM1 4SJ"
662,SAINSBURYS ROMFORD,25037,"WATERLOO ROAD, RM1 1AU"
663,ESSO MAIN ROAD (ROMFORD EXPRESS),471,"MAIN ROAD, RM1 3BT"
664,ESSO LOUGHTON (RSS CHURCH HILL),1621,"CHURCH HILL, IG10 1QR"
665,ESSO ROMFORD ROAD (FOREST GATE EXPRESS),1511,"ROMFORD ROAD, E7 8AF"
666,SHELL BRENTWOOD ROAD (MFG ROMFORD SHELL),477,"BRENTWOOD ROAD, RM1 2SL"
667,ESSO FARINGDON AVENUE (MFG FARINGDON),1595,"FARINGDON AVENUE, RM3 0AB"
668,TESCO ROMFORD GALLOWS CORNER EXTRA,17911,"BRYANT AVENUE, RM3 0LL"
669,BP SOUTHEND ARTERIAL ROAD (RSS HORNCHURCH),1584,"SOUTHEND ARTERIAL ROAD, RM11 2SE"
670,ESSO COLCHESTER ROAD (MFG HAROLD PARK),1593,"COLCHESTER ROAD, RM3 0AG"
671,BP SOUTHEND ARTERIAL ROAD (HORNCHURCH SF CONNECT),25193,"SOUTHEND ARTERIAL ROAD, RM11 3UJ"
672,SHELL BROOK STREET (SHELL SOUTH WEALD),938,"BROOK STREET, CM14 5LU"
673,ESSO LONDON ROAD (BRENTWOOD EXPRESS),936,"LONDON ROAD, CM14 4QG"
674,SHELL WARLEY HILL (SHELL BRENTWOOD),939,"WARLEY HILL, CM14 5HE"
675,BP ONGAR ROAD (ONGAR ROAD SF CONNECT),935,"ONGAR ROAD, CM15 9HZ"
676,ESSO SOUTHEND ARTERIAL ROAD (MFG WARLEY),2192,"SOUTHEND ARTERIAL ROAD, CM13 3ES"
677,ESSO SOUTHEND ARTERIAL ROAD (BASILDON SERVICE STATION),17553,"SOUTHEND ARTERIAL ROAD, CM13 3EN"
678,PACE BRENTWOOD (BURGOYNE MOTORS),18318,"BLACKMORE ROAD, CM15 0BJ"
679,ESSO NORTH ORBITAL ROAD (SHEEPCOT SERVICE STATION),1680,"NORTH ORBITAL ROAD, WD25 7LW"
680,SHELL WATFORD (SHELL WAITROSE SCEPTRE),1669,"ST ALBANS ROAD, WD24 7RU"
681,SAINSBURYS DOME ROUNDABOUT,12515,"NORTH WESTERN AVENUE, WD25 9JS"
682,ASDA WATFORD,1671,"ST ALBANS ROAD, WD24 7RT"
683,UNBRANDED ST ALBANS (CLASSIC SERVICE STATION),1678,"OLD WATFORD ROAD, AL2 3RS"
684,SHELL KINGS LANGLEY (SHELL HUNTON BRIDGE),1676,"WATFORD ROAD, WD4 8RD"
685,TEXACO KINGS LANGLEY (MFG PRIMROSE HILL),3348,"PRIMROSE HILL, WD4 8HR"
686,SHELL WATFORD ROAD (SHELL CHISWELL),3436,"WATFORD ROAD, AL2 3EH"
687,TEXACO HEMPSTEAD ROAD (PARK KINGS LANGLEY SERVICE STATION),8143,"HEMPSTEAD ROAD, WD4 8AL"
688,GULF ST ALBANS (RADLETT ROAD SERVICE STATION),7297,"RADLETT ROAD, AL2 2JX"
689,BP WATLING STREET (MOUNT SF CONNECT),4771,"WATLING STREET, AL2 2NN"
690,ESSO RADLETT (RSS RADLETT),1811,"WATLING STREET, WD7 7AG"
691,SAINSBURYS APSLEY MILL,8959,"LONDON ROAD, HP3 9QZ"
692,SHELL LONDON ROAD (MFG APSLEY),3920,"LONDON ROAD, HP3 9SP"
693,SAINSBURYS ST ALBANS,8738,"EVERARD CLOSE, AL1 2QU"
694,UNBRANDED CHORLEY WOOD (BIGGERSTAFF'S GARAGE),17999,"DIMMOCKS LANE, WD3 6AR"
695,BP HEMEL HEMPSTEAD (BREAKSPEAR WAY SF CONNECT),5191,"BREAKSPEAR WAY, HP2 4TZ"
696,SHELL BREAKSPEAR WAY (SHELL HEMEL HEMPSTEAD),3915,"BREAKSPEAR WAY, HP2 4TZ"
697,TESCO HEMEL HEMPSTEAD,8958,"JARMAN WAY, HP2 4JS"
698,ESSO LONDON ROAD (ST ALBANS SERVICE STATION),1932,"LONDON ROAD, AL1 1LP"
699,BP VERULAM ROAD (ST ALBANS SF CONNECT),6848,"VERULAM ROAD, AL3 4DP"
700,ESSO HEMEL HEMPSTEAD (MFG EVEREST WAY),4677,"ADEYFIELD ROAD, HP2 4HZ"
701,TEXACO LONDON ROAD (FOREST HEMEL SERVICE STATION),7682,"LONDON ROAD, HP3 9BE"
702,SHELL QUEENSWAY (QUEENSWAY SERVICE STATION),5872,"QUEENSWAY, HP2 5HD"
703,MORRISONS ST ALBANS,12608,"HATFIELD ROAD, AL1 4SU"
704,SHELL RICKMANSWORTH ROAD (SHELL CHORLEYWOOD),4698,"RICKMANSWORTH ROAD, WD3 5SE"
705,SAINSBURYS LONDON COLNEY,8739,"BARNET ROAD, AL2 1AB"
706,CO-OP CUPID GREEN,656,"REDBOURN ROAD, HP2 7BA"
707,SHELL WARNERS END ROAD (DACORUM SERVICE STATION),6996,"WARNERS END ROAD, HP1 3QF"
708,SHELL BEECH ROAD (MFG KING WILLIAM),6849,"BEECH ROAD, AL3 5AS"
709,TEXACO ST ALBANS (ST ALBANS SERVICE STATION),7298,"HARPENDEN ROAD, AL3 6BZ"
710,GULF HEMEL HEMPSTEAD (M AND M BOURNE END SERVICES),7679,"LONDON ROAD, HP1 2RQ"
711,SHELL NORTH ORBITAL ROAD (SHELL ORBITAL),11661,"NORTH ORBITAL ROAD, AL4 0NG"
712,SAINSBURYS MARSHALSWICK,3435,"MARSHALSWICK LANE, AL1 4UZ"
713,SHELL A41 SERVICE AREA (SHELL BOURNE END),5357,"A41 SERVICE AREA, HP1 2SB"
714,SHELL ST ALBANS ROAD (SHELL REDBOURN),3437,"ST ALBANS ROAD, AL3 7AD"
715,SHELL BOREHAMWOOD (SHELL ELSTREE WAY),1817,"ELSTREE WAY, WD6 1LB"
716,M25 SOUTH MIMMS SF CONNECT MOTORWAY SERVICE AREA,5079,"M25 J23, EN6 3QQ"
717,BP BOREHAMWOOD (CLARENDON SF CONNECT),1816,"ELSTREE WAY, WD6 1SD"
718,SHELL HATFIELD ROAD (SHELL SMALLFORD),3439,"HATFIELD ROAD, AL4 0HP"
719,GULF HATFIELD (BISHOPS RISE SERVICE STATION),6633,"BISHOPS RISE, AL10 9BY"
720,TESCO POTTERS BAR,25080,"MUTTON LANE, EN6 2PB"
721,BP HIGH STREET (POTTERS BAR SF CONNECT),921,"HIGH STREET, EN6 5AB"
722,MURCO POTTERS BAR (MFG POTTERS BAR),918,"BARNET ROAD, EN6 2QU"
723,ASDA HATFIELD AUTOMAT,25563,"QUEENSWAY, AL10 0JP"
724,ESSO HATFIELD (MFG BELL BAR),7300,"GREAT NORTH ROAD, AL9 6DB"
725,TESCO HATFIELD EXTRA,8741,"COMET WAY, AL9 5JY"
726,TEXACO BARNET (COCKFOSTERS SERVICE STATION),556,"COCKFOSTERS ROAD, EN4 0JY"
727,BP COCKFOSTERS ROAD (COCKFOSTERS SF CONNECT),557,"COCKFOSTERS ROAD, EN4 0DZ"
728,SHELL THE RIDGEWAY (LAVENDER HILL GARAGE),1768,"THE RIDGEWAY, EN2 8JF"
729,UNBRANDED CHESHUNT (ELLIOTT MOTOR COMPANY),991,"CUFFLEY HILL, EN7 5EU"
730,UNBRANDED CHASE SIDE (CHASESIDE SERVICE STATION),1770,"CHASE SIDE, EN2 0QN"
731,ESSO LANCASTER ROAD (RSS ENFIELD),1771,"LANCASTER ROAD, EN2 0BU"
732,SHELL WELWYN GARDEN CITY (SHELL BUDGENS WELWYN GARDEN CITY),8592,"STANBOROUGH ROAD, AL8 6XA"
733,SHELL WALTHAM CROSS (MFG CHESHUNT),989,"FLAMSTEAD END ROAD, EN8 0JA"
734,SHELL BULLSMOOR LANE (SHELL BULLSMOOR LANE),917,"BULLSMOOR LANE, EN1 4SB"
735,BP BULLSMOOR LANE (RSS BULLSMOOR LANE),916,"BULLSMOOR LANE, EN1 4SE"
736,BP WALTHAM CROSS (KILSMORE WAY SF CONNECT),995,"GREAT CAMBRIDGE ROAD, EN8 0NF"
737,TEXACO WALTHAM CROSS (CHESHUNT SERVICE STATION),993,"TURNERS HILL, EN8 9BN"
738,TESCO CHESHUNT EXTRA,992,"BROOKFIELD CENTRE, EN8 0TA"
739,ESSO WALTHAM CROSS (WALTHAM CROSS EXPRESS),915,"BULLSMOOR LANE, EN8 7RS"
740,SHELL GREAT CAMBRIDGE ROAD (SHELL ENFIELD),1777,"GREAT CAMBRIDGE ROAD, EN1 4JR"
741,JET ENFIELD (EMPIRE SERVICE STATION),1781,"HERTFORD ROAD, EN3 5SS"
742,ESSO HERTFORD ROAD (ENFIELD EXPRESS),1780,"HERTFORD ROAD, EN3 5UT"
743,JET WALTHAM CROSS (WALTHAM CROSS AUTOPOINT),912,"ELEANOR CROSS ROAD, EN8 7NJ"
744,SAINSBURYS ENFIELD,1776,"CROWN ROAD, EN1 1TH"
745,TOTAL HODDESDON (TOTAL BROXBOURNE),988,"HIGH ROAD, EN10 6DU"
746,MORRISONS ENFIELD,1775,"SOUTHBURY ROAD, EN1 1TW"
747,TESCO PONDERS END EXTRA,25209,"HIGH STREET, EN3 4DP"
748,SHELL HODDESDON (SHELL WAITROSE BROXBOURNE),987,"HIGH ROAD, EN10 6PY"
749,BP WALTHAM ABBEY (ABBEY SERVICE STATION),5080,"FARM HILL ROAD, EN9 1NN"
750,TESCO WALTHAM ABBEY,25517,"SEWARDSTONE ROAD, EN9 1JH"
751,TEXACO WALTHAM ABBEY (MARSHFIELD SERVICE STATION),1199,"SEWARDSTONE ROAD, E4 7RF"
752,UNBRANDED HODDESDON (HODDESDON SERVICE STATION),931,"HIGH STREET, EN11 8SX"
753,SAINSBURYS HODDESDON,25036,"BREWERY ROAD, EN11 8HF"
754,SHELL EPPING ROAD (SHELL EPPING),1625,"EPPING ROAD, CM16 5HW"
755,UNBRANDED EPPING GREEN ROAD (JACK'S HATCH GARAGE),13479,"EPPING GREEN ROAD, CM16 6QA"
756,SHELL HIGH STREET (SHELL HALFMOON),8247,"HIGH STREET, CM16 4AE"
757,BP HODDESDON (WARE ROAD SF CONNECT),933,"WARE ROAD, EN11 9DU"
758,BP SOUTHERN WAY (HARLOW SF CONNECT),4966,"SOUTHERN WAY, CM18 7BH"
759,TEXACO HARLOW (HARLOW SERVICE STATION),8616,"ELIZABETH WAY, CM19 5AR"
760,GULF HODDESDON (HAILEY SERVICE STATION),9847,"WARE ROAD, SG13 7PE"
761,UNBRANDED HIGH ROAD (EPPING HIGH ROAD SERVICE STATION),13477,"HIGH ROAD, CM16 6LZ"
762,UNBRANDED HIGH ROAD (EPPING SERVICE STATION),7605,"HIGH ROAD, CM16 6LZ"
763,JET EPPING (BASSETT FILLING STATION),18316,"HIGH ROAD, CM16 6ED"
764,SHELL HARLOW (SHELL HARLOW),3643,"POTTER STREET BYPASS, CM17 9AD"
765,BP POTTER STREET BYPASS (HARLOW GATE SF CONNECT),4965,"POTTER STREET BYPASS, CM17 9AG"
766,ESSO TILLWICKS ROAD (RSS HARLOW),2195,"TILLWICKS ROAD, CM18 6NQ"
767,TESCO HARLOW CHURCH LANGLEY,8836,"CHURCH LANGLEY WAY, CM17 9TE"
768,ESSO FOURTH AVENUE (MFG LINKWAY),6918,"FOURTH AVENUE, CM20 9HH"
769,SAINSBURYS HARLOW,8840,"FIFTH AVENUE, CM20 2AG"
770,BP EDINBURGH WAY (RSS EDINBURGH WAY),6919,"EDINBURGH WAY, CM20 2DG"
771,TESCO HARLOW EDINBURGH WAY,8841,"EDINBURGH WAY, CM20 2TG"
772,ESSO CHIPPING ONGAR (ONGAR EXPRESS),12456,"HIGH STREET, CM5 9AL"
773,BP CHIPPING ONGAR (MFG FOUR WANTZ),6158,"WANTZ ROUNDABOUT, CM5 0AH"
774,UNBRANDED ONGAR (NORTON HEATH SERVICE STATION),8248,"CHELMSFORD ROAD, CM4 0LQ"
775,UNBRANDED BLACKMORE (WAKELINS GARAGE),25425,"INGATESTONE ROAD, CM4 0RS"
776,BP CHELMSFORD ROAD (BRENTWOOD SF CONNECT),6155,"CHELMSFORD ROAD, CM15 8SD"
777,BP RAYLEIGH ROAD (HUTTON MOUNT SF CONNECT),2191,"RAYLEIGH ROAD, CM13 1AB"
